<beans xmlns="http://www.springframework.org/schema/beans"
	xmlns:xsi="http://www.w3.org/2001/XMLSchema-instance" xmlns:p="http://www.springframework.org/schema/p"
	xmlns:aop="http://www.springframework.org/schema/aop" xmlns:context="http://www.springframework.org/schema/context"
	xmlns:jee="http://www.springframework.org/schema/jee" xmlns:tx="http://www.springframework.org/schema/tx"
	xmlns:task="http://www.springframework.org/schema/task"
	xsi:schemaLocation="http://www.springframework.org/schema/aop http://www.springframework.org/schema/aop/spring-aop-3.2.xsd http://www.springframework.org/schema/beans http://www.springframework.org/schema/beans/spring-beans-3.2.xsd http://www.springframework.org/schema/context http://www.springframework.org/schema/context/spring-context-3.2.xsd http://www.springframework.org/schema/jee http://www.springframework.org/schema/jee/spring-jee-3.2.xsd http://www.springframework.org/schema/tx http://www.springframework.org/schema/tx/spring-tx-3.2.xsd http://www.springframework.org/schema/task http://www.springframework.org/schema/task/spring-task-3.2.xsd">

	<context:annotation-config />
	<!-- <bean class="org.springframework.beans.factory.annotation.AutowiredAnnotationBeanPostProcessor" /> -->
  
	<bean id="habitat_center" class="pk.edu.nust.seecs.springzoo.entity.Habitat">
		<property name="primaryContinent" value="Africa" />
		<property name="primaryRegion" value="Center" />
	</bean>
        <bean id="habitat_north" class="pk.edu.nust.seecs.springzoo.entity.Habitat">
		<property name="primaryContinent" value="Africa" />
		<property name="primaryRegion" value="North" />
	</bean>
        <bean id="habitat" class="pk.edu.nust.seecs.springzoo.entity.Habitat">
		<property name="primaryContinent" value="Africa" />
		<property name="primaryRegion" value="All" />
	</bean>
        
        <bean id="lion_jack" class="pk.edu.nust.seecs.springzoo.entity.Lion">
		<property name="name" value="Jack" />
		<property name="habitat" ref="habitat_north" />
                <property name="age" value="5" />
	</bean>
        <bean id="lion_babarsher" class="pk.edu.nust.seecs.springzoo.entity.Lion">
		<property name="name" value="babarsher" />
		<property name="habitat" ref="habitat_center" />
                <property name="age" value="100" />
	</bean>
        <!-- Auto Wiring via name in the Lion class -->
        <bean id="lion_cecile" class="pk.edu.nust.seecs.springzoo.entity.Lion" autowire="byName">
		<property name="name" value="Cecile" />
                <property name="age" value="10" />
	</bean>
	
        <!-- Auto Wiring via type in the Lion class -->
        <!-- In case of multiple beans with the same type, this will through an error -->
	<!-- <bean id="elephant" class="com.javacodegeeks.snippets.enterprise.Elephant" autowire="byType">
		<property name="name" value="elephant" />
	</bean> -->
        <bean id="elephant_saheli" class="pk.edu.nust.seecs.springzoo.entity.Elephant" autowire="constructor">
		<property name="name" value="Saheli" />
                <property name="age" value="40" />
	</bean>
	
	<bean id="tiger" class="pk.edu.nust.seecs.springzoo.entity.Tiger">
		<property name="name" value="tiger" />
	 </bean>
 
</beans> 
