<?xml version="1.0" encoding="UTF-8"?>
<beans xmlns="http://www.springframework.org/schema/beans"
       xmlns:xsi="http://www.w3.org/2001/XMLSchema-instance"
       xmlns:aop="http://www.springframework.org/schema/aop"
       xmlns:c="http://www.springframework.org/schema/c"
       xmlns:context="http://www.springframework.org/schema/context"
       xmlns:flow="http://www.springframework.org/schema/webflow-config"
       xmlns:jee="http://www.springframework.org/schema/jee"
       xmlns:jms="http://www.springframework.org/schema/jms"
       xmlns:lang="http://www.springframework.org/schema/lang"
       xmlns:osgi="http://www.springframework.org/schema/osgi"
       xmlns:p="http://www.springframework.org/schema/p"
       xmlns:tx="http://www.springframework.org/schema/tx"
       xmlns:util="http://www.springframework.org/schema/util"

       xsi:schemaLocation="http://www.springframework.org/schema/beans http://www.springframework.org/schema/beans/spring-beans-4.0.xsd
          http://www.springframework.org/schema/aop http://www.springframework.org/schema/aop/spring-aop-4.0.xsd
          http://www.springframework.org/schema/context http://www.springframework.org/schema/context/spring-context-4.0.xsd
          http://www.springframework.org/schema/webflow-config http://www.springframework.org/schema/webflow-config/spring-webflow-config-2.0.xsd
          http://www.springframework.org/schema/jee http://www.springframework.org/schema/jee/spring-jee-4.0.xsd
          http://www.springframework.org/schema/jms http://www.springframework.org/schema/jms/spring-jms-4.0.xsd
          http://www.springframework.org/schema/lang http://www.springframework.org/schema/lang/spring-lang-4.0.xsd
          http://www.springframework.org/schema/osgi http://www.springframework.org/schema/osgi/spring-osgi-1.2.xsd
          http://www.springframework.org/schema/tx http://www.springframework.org/schema/tx/spring-tx-4.0.xsd
          http://www.springframework.org/schema/util http://www.springframework.org/schema/util/spring-util-4.0.xsd
">
    <bean id= "business_utill" class="pk.edu.nust.seecs.gradebook.bo.BoUtill"></bean>
    
    <bean id= "business_clo" class="pk.edu.nust.seecs.gradebook.bo.CloBao"></bean>
    <bean id= "business_course" class="pk.edu.nust.seecs.gradebook.bo.CourseBo"></bean>
    <bean id= "business_content" class="pk.edu.nust.seecs.gradebook.bo.ContentBo"></bean>
    <bean id= "business_grade" class="pk.edu.nust.seecs.gradebook.bo.GradeBo"></bean>
    <bean id= "business_student" class="pk.edu.nust.seecs.gradebook.bo.StudentBo"></bean>
    <bean id= "business_teacher" class="pk.edu.nust.seecs.gradebook.bo.TeacherBo"></bean>
    
    
 
</beans> 